Summary,Issue key,Issue id,Issue Type,Status,Project key,Project name,Project type,Project lead,Project lead id,Project description,Priority,Resolution,Assignee,Assignee Id,Reporter,Reporter Id,Creator,Creator Id,Created,Updated,Last Viewed,Resolved,Due date,Votes,Description,Environment,Watchers,Watchers Id,Original estimate,Remaining Estimate,Time Spent,Work Ratio,Σ Original Estimate,Σ Remaining Estimate,Σ Time Spent,Security Level,Custom field (Approval),Custom field (Approvals),Custom field (Budget),Custom field (Category),Custom field (Development),Custom field (Issue color),Custom field (Rank),Sprint,Custom field (Start date),Custom field (Story point estimate),Custom field (Team),Custom field (Vulnerability),Comment,Comment,Parent,Parent key,Parent summary,Status Category,Status Category Changed
"Scaffold frontend with TypeScript, ESLint, Prettier",AI-20,23411,Task,Done,AI,Agentic AI,software,Jayden Zundel,712020:b53bfe0d-cd97-478a-a25f-48e9d7e914f4,Your first project,Medium,Done,Kevin Dawson-Fischer,712020:e96dc7dd-86fa-42ce-b5b7-c5f4ecd20e29,Kevin Dawson-Fischer,712020:e96dc7dd-86fa-42ce-b5b7-c5f4ecd20e29,Kevin Dawson-Fischer,712020:e96dc7dd-86fa-42ce-b5b7-c5f4ecd20e29,17/Apr/26 1:32 PM,24/Apr/26 12:42 PM,,24/Apr/26 12:42 PM,,0,"First real code in {{frontend/}}. Establishes the Next.js 15 App Router shell, strict TypeScript, and the lint/build pipeline. The landing page exists only to prove the stack talks to itself end-to-end - no product UI.

Deliverables

* Next.js 15+ initialized via {{create-next-app}} with TypeScript, ESLint, Tailwind, App Router, {{src/}} dir, {{@/*}} import alias.
* {{tsconfig.json}} with {{strict: true}}, {{noUncheckedIndexedAccess: true}}, {{noImplicitOverride: true}}.
* Landing page ({{src/app/page.tsx}}) showing “PoliSim” and a backend-status indicator that fetches {{/api/health}} and renders green/red.
* {{next.config.ts}} rewrite from {{/api/health}} to the backend via {{NEXT_PUBLIC_API_BASE_URL}}; no hardcoded URLs.
* {{.prettierrc}} (single quotes, 100-col, trailing commas ES5) and {{eslint.config.mjs}} (Next defaults + {{@typescript-eslint/no-explicit-any: error}}).
* Multi-stage {{Dockerfile}} using Next {{output: ‘standalone’}}, non-root runtime user; {{infra/docker-compose.yml}} {{web}} service updated accordingly.
* {{.pre-commit-config.yaml}}: add ESLint + Prettier hooks scoped to {{frontend/*}} (the [https://kenaidefense.atlassian.net/browse/AI-13|https://kenaidefense.atlassian.net/browse/AI-13|smart-link] follow-up).
* {{.github/workflows/ci.ym}}: new {{frontend-lint-build}} job ( {{npm ci && npm run lint && npm run build}}).
* {{frontend/CLAUDE.md}}: App Router only, server components by default, no {{any}}, no client-side secret handling.
* {{Makefile}} : {{lint-frontend}}, {{format-frontend}}, {{test-frontend}} targets.

Done when

* {{docker compose up web api db}} works; {{localhost:3000}} shows the shell with a green backend-status indicator.
* {{npm run lint}} and {{npm run build}} pass.
* CI frontend job green.

Dependencies

* Ideally after [https://kenaidefense.atlassian.net/browse/AI-15|https://kenaidefense.atlassian.net/browse/AI-15|smart-link] so the health indicator has a real backend to hit. Can ship before it with a visible red indicator if order is flipped.

Out of scope

* UI component library selection (shadcn, MUI, etc) - future decision.
* Auth UI, routing beyond the landing page, any real feature work.
* Frontend testing framework (Vitest/Playwright) - separate ticket once real components exist.

Priority:

High. Pulled forward for the late-May pilot; blocks [https://kenaidefense.atlassian.net/browse/AI-33|https://kenaidefense.atlassian.net/browse/AI-33|smart-link] and UI work.


Pre-implementation note: the {{frontend/}} directory contains an orphaned root-owned {{node_modules/}} from an earlier experimental setup. Claude Code's scaffold execution must clear this first ({{sudo rm -rf frontend/node_modules/}}) before running {{create-next-app}} or {{npm install}}, or the scaffold will trip on the directory permissions. Discovered during {{2026-04-22}} board review.
",,Kevin Dawson-Fischer,712020:e96dc7dd-86fa-42ce-b5b7-c5f4ecd20e29,,,,,,,,,,com.atlassian.servicedesk.plugins.approvals.internal.customfield.ApprovalsCFValue@2535e44b,,,,,0|i00c61:,AI Sprint 1,,,,,"21/Apr/26 1:10 PM;712020:e96dc7dd-86fa-42ce-b5b7-c5f4ecd20e29;Touchpoints in infra/README.md to update as part of [https://kenaidefense.atlassian.net/browse/AI-20|https://kenaidefense.atlassian.net/browse/AI-20|smart-link]'s PR (per [https://kenaidefense.atlassian.net/browse/AI-41|https://kenaidefense.atlassian.net/browse/AI-41|smart-link] investigation):

# Services table: flip web row from ""does not start - pending [https://kenaidefense.atlassian.net/browse/AI-20|https://kenaidefense.atlassian.net/browse/AI-20|smart-link]"" to working status line.
# Bring up section: add the full-stack command (likely {{docker compose --profile apps up -d --build}}) and drop any remaining ""web is broken"" caveats.
# Files list: replace ""../frontend/Dockerfile - stub pending [https://kenaidefense.atlassian.net/browse/AI-20|https://kenaidefense.atlassian.net/browse/AI-20|smart-link]"" with its real description.
# If AI-20 narrows the frontend bind mount to mirror ADR-0001's api pattern (i.e. bind {{../frontend/src}} only, not all of {{../frontend}}), note that alongside the existing ADR-0001 reference.

These are documentation updates, not architectural decisions - they fit naturally in [https://kenaidefense.atlassian.net/browse/AI-20|https://kenaidefense.atlassian.net/browse/AI-20|smart-link]'s PR rather than spawning a follow-up.","24/Apr/26 12:42 PM;712020:e96dc7dd-86fa-42ce-b5b7-c5f4ecd20e29;Scaffolded the {{frontend/}} package with a real Next.js 16 App Router setup and proved the stack talks end-to-end. Merged to {{dev}} as PR #26.

Scaffolded via {{create-next-app}} (Next 16.2.4, App Router, TypeScript, Tailwind, {{src/}} layout, {{@/*}} alias). Ticket called for Next 15 - {{create-next-app@latest}} has advanced past the ticket-writing date and installs 16. App Router is unchanged between the two majors, so the ticket's intent is fully satisfied.

Strict TypeScript: {{strict}}, {{noUncheckedIndexedAccess}}, {{noImplicitOverride}}. ESLint extends {{eslint-config-next/core-web-vitals}} and {{eslint-config-next/typescript}} (flat config, Next 16 shape) with {{@typescript-eslint/no-explicit-any}} upgraded to error. Prettier: single quotes, 100-col print width, ES5 trailing commas.

Landing page ({{src/app/page.tsx}}) is a server component rendering the PoliSim wordmark and a client sub-component {{BackendStatus}}. {{BackendStatus}} fetches {{/api/health}}, which {{next.config.ts}}'s {{rewrites()}} proxies to {{${NEXT_PUBLIC_API_BASE_URL}/healthz}} on the backend (the {{/healthz}} endpoint from [https://kenaidefense.atlassian.net/browse/AI-15|https://kenaidefense.atlassian.net/browse/AI-15|smart-link]). No cross-origin calls from the client. {{src/app/layout.tsx}} metadata updated from {{create-next-app}} defaults to PoliSim-appropriate title and description.

Multi-stage Dockerfile (deps → builder → runner) with Node 20 on Alpine, running Next.js standalone output as a non-root {{nextjs}} user. Deliberate divergence from {{backend/Dockerfile}}'s single-stage layered-cache pattern - Next's standalone output requires the multi-stage shape. The {{runner}} production stage is shaped correctly but hasn't been built and run end-to-end as a production container in this PR; local dev uses {{build.target: deps}} in compose so {{npm run dev}} has the devDependencies it needs. Full production image verification deferred until a deploy target lands (blocked on [https://kenaidefense.atlassian.net/browse/AI-28|https://kenaidefense.atlassian.net/browse/AI-28|smart-link]).

{{infra/docker-compose.yml}}'s {{web}} service gains {{NEXT_PUBLIC_API_BASE_URL=<http://api:8000}}> and {{build.target: deps}}. Existing bind-mount, anonymous volume, and {{npm run dev}} command preserved. No {{depends_on}}, no healthcheck, no {{env_file}} - out of scope per ticket.

CI gains a {{frontend-lint-build}} job mirroring {{backend-test}}'s triggers (PR to {{main}}/{{dev}}, push to {{dev}}). Steps: checkout, setup-node@v4 with npm cache, {{npm ci}}, {{npm run lint}}, {{npm run build}}. Build covers TS compilation; no separate typecheck step. Tests deferred to [https://kenaidefense.atlassian.net/browse/AI-33|https://kenaidefense.atlassian.net/browse/AI-33|smart-link]/[https://kenaidefense.atlassian.net/browse/AI-52|https://kenaidefense.atlassian.net/browse/AI-52|smart-link].

Makefile gains {{lint-frontend}}, {{format-frontend}}, and a {{test-frontend}} placeholder that echoes [https://kenaidefense.atlassian.net/browse/AI-33|https://kenaidefense.atlassian.net/browse/AI-33|smart-link]/[https://kenaidefense.atlassian.net/browse/AI-52|https://kenaidefense.atlassian.net/browse/AI-52|smart-link]and exits 0.

{{frontend/CLAUDE.md}} captures frontend-specific conventions (App Router, server components by default, no {{any}}, no client-side secrets) without duplicating root {{CLAUDE.md}}. {{frontend/AGENTS.md}} is the {{create-next-app}} auto-generated file Next 16 ships to prime AI coding tools with version-specific guidance; kept as-is.

Scope deviations recorded.

Pre-commit hooks for frontend ESLint and Prettier are deferred; tracked in [https://kenaidefense.atlassian.net/browse/AI-69|https://kenaidefense.atlassian.net/browse/AI-69|smart-link]. The upstream {{pre-commit/mirrors-eslint}} and {{pre-commit/mirrors-prettier}} repos are both deprecated and pinning {{additional_dependencies}} to match {{create-next-app}}'s resolved versions creates a maintenance burden not appropriate to take on during the initial scaffold. ESLint and Prettier enforcement in CI via {{frontend-lint-build}} is sufficient for this ticket.

{{frontend-lint-build}} covers lint + build only - scope of this ticket per original [https://kenaidefense.atlassian.net/browse/AI-20|https://kenaidefense.atlassian.net/browse/AI-20|smart-link] text. Typecheck as a separate step, test step, and intentional-error verification are AI-52's scope and were intentionally not added here.

Two moderate {{npm audit}} advisories from {{create-next-app@latest}}'s transitive dependencies are not addressed here; they'll be surfaced formally by [https://kenaidefense.atlassian.net/browse/AI-18|https://kenaidefense.atlassian.net/browse/AI-18|smart-link] (dependency vulnerability scan).

Verification performed.

End-to-end inside the container:

* {{docker compose --profile apps up --build web api db}} - all three services healthy.
* {{curl <http://localhost:3000}}> returned the PoliSim landing page HTML.
* {{curl <http://localhost:3000/api/health}}> returned {{200}} via the {{rewrites()}} proxy to {{api:8000/healthz}}.
* {{docker compose exec web npm run lint}} - clean.
* {{docker compose exec web npm run build}} - clean, TypeScript compilation embedded.
* {{pre-commit run --all-files}} on host - 11 hooks pass.
* {{docker compose --profile apps down}} - clean teardown.

Browser-level verification:

* Landing page renders with PoliSim wordmark.
* {{BackendStatus}} client component hydrates and flips indicator from grey ""checking…"" to green ""Backend: healthy"".
* Blocking {{/api/health}} in DevTools flips the indicator to red ""Backend: unreachable""; unblocking restores green. Error path verified.
* No console errors, no failed network requests, clean hydration.",23375,AI-1,Foundation,Done,24/Apr/26 12:42 PM
Scaffold API backend with health check and settings module,AI-15,23401,Task,Done,AI,Agentic AI,software,Jayden Zundel,712020:b53bfe0d-cd97-478a-a25f-48e9d7e914f4,Your first project,Medium,Done,Kevin Dawson-Fischer,712020:e96dc7dd-86fa-42ce-b5b7-c5f4ecd20e29,Kevin Dawson-Fischer,712020:e96dc7dd-86fa-42ce-b5b7-c5f4ecd20e29,Kevin Dawson-Fischer,712020:e96dc7dd-86fa-42ce-b5b7-c5f4ecd20e29,17/Apr/26 1:19 PM,21/Apr/26 10:20 AM,,21/Apr/26 10:20 AM,,0,"First real code in {{backend/}}. Establishes the Fast API app skeleton, settings/logging conventions, and the toolchain ({{uv}}, ruff strict, mypy strict) that every future backend ticket inherits. No DB yet - [https://kenaidefense.atlassian.net/browse/AI-11|https://kenaidefense.atlassian.net/browse/AI-11|smart-link] handles that. Also closes three CI cleanups parket on this ticket when [https://kenaidefense.atlassian.net/browse/AI-13|https://kenaidefense.atlassian.net/browse/AI-13|smart-link] shipped.

Deliverables

* {{backend/src/polisim/}} src-layout (removes the {{app/}} placeholder stub from [https://kenaidefense.atlassian.net/browse/AI-10|https://kenaidefense.atlassian.net/browse/AI-10|smart-link]).
* {{pyproject.toml}} managed by {{uv}}. Runtime deps: {{fastapi}}, {{uvicorn[standard]}}, {{pydantic>=2}}, {{pydantic-settings}}, {{structlog}}. Dev deps: {{pytest}}, {{pytest-asyncio}}, {{httpx}}, {{ruff}}, {{mypy}}, {{pre-commit}}.
* FastAPI app factory ({{create_app}}) with structured JSON logging and per-request correlation IDs returned as {{X-Request-ID}}.
* {{Settings}} via {{pydantic-settings}}: {{environment}}, {{database_url}}, {{log_level}}, {{cors_allowed_origins}}. No direct {{os.environ}} reads anywhere else in the codebase
* {{/healthz}} (liveness) and {{/readyz}} (readiness, stubbed with TODO to [https://kenaidefense.atlassian.net/browse/AI-11|https://kenaidefense.atlassian.net/browse/AI-11|smart-link]) routes.
* Dependency stubs ({{get_db}}, {{get_current_org}}) raising {{NotImplementedError}} with pointers to their future tickets.
* {{tests/unit/test_health.py}} covering both routes and the correlation-ID header.
* Multi-stage {{Dockerfile}} running as a non-root user; {{infra/docker-compose.yml}}, {{api}} service updated to match and to use {{/healthz}} for its healthcheck.
* CI cleanups (parked from [https://kenaidefense.atlassian.net/browse/AI-13|https://kenaidefense.atlassian.net/browse/AI-13|smart-link]): migrate backend tool installs from {{pip}} to {{uv}}; remove {{|| true}} from the pytest step; consolidate {{backend-lint}} into the existing {{pre-commit}} job.
* {{docs/adr/0005-backend-src-layout.md}} - src-layout and {{uv}} rationale.
* {{Makefile}}: real {{test}} target ({{cd backend && uv run pytest}}).

Done when

* {{docker compose up api}} starts cleanly
* {{curl localhost:8000/healthz}} returns 200 with an {{X-Request-ID}} header.
* {{uv run pytest}}, {{uv run ruff check}}, {{uv run mypy --strict src}} all pass locally.
* CI green on the PR.

Dependencies

* None ([https://kenaidefense.atlassian.net/browse/AI-10|https://kenaidefense.atlassian.net/browse/AI-10|smart-link] done, [https://kenaidefense.atlassian.net/browse/AI-13|https://kenaidefense.atlassian.net/browse/AI-13|smart-link] done).

Out of scope

* SQLAlchemy models, Alembic, any DB connection ([https://kenaidefense.atlassian.net/browse/AI-11|https://kenaidefense.atlassian.net/browse/AI-11|smart-link]).
* LLM client, prompt registry, composition logic.
* Auth / JWT / tenant-scoping middleware beyond the dependency stub.",,Kevin Dawson-Fischer,712020:e96dc7dd-86fa-42ce-b5b7-c5f4ecd20e29,,,,,,,,,,com.atlassian.servicedesk.plugins.approvals.internal.customfield.ApprovalsCFValue@72b33dd9,,,,,0|i00c5x:,AI Sprint 1,,,,,"21/Apr/26 10:20 AM;712020:e96dc7dd-86fa-42ce-b5b7-c5f4ecd20e29;Completed {{2026-04-21}} via PR #11, squashed and merged to {{dev}}.

Real FastAPI backend scaffold at {{backend/src/polisim/}} ({{src-layout}}, {{uv-managed}}, {{hatchling-built}}, {{Python 3.12}}). Full module skeleton per {{CLAUDE.md}}: populated modules for {{main}}, {{config}}, {{middlewqare/request_id}}, {{api/routes/health}}, {{api/deps}}, {{llm/client}}; docstring-only packages for db, repositories, schemas, composition, simulation, evaluators, tenancy. Observability wired day one (structlog with JSON-in-non-local / console-in-local, custom 55-line request-ID middleware with proper contextvar cleanup). Health surface: {{GET /healthz}} (liveness) and {{GET /readyz}} (stubbed 200 with TODO pointing at [https://kenaidefense.atlassian.net/browse/AI-11|https://kenaidefense.atlassian.net/browse/AI-11|smart-link]).

Three parked CI cleanups closed: removed {{|| true}} from pytest, migrated backend-test from pip to uv wholesale ({{astral-sh/setup-uv@v4}}, {{uv-sync --group dev --frozen}}), deleted the redundant standalone backend-lint job. Post-cleanup {{ci.yml}} has exactly two jobs: backend-test and pre-commit.

Notable execution-time deviations logged in the PR body: {{[tool.uv] python-preference = “managed”}} added after debugging a mypy 1.20 segfault traced to a local pyenv Python missing _sqlite3; Dockerfile two-stage dependency install for rebuild caching; {{backend/.python-version}} dropped as redundant with {{requires-python >= 3.12}} + {{managed-Python}} preference.

Deferred deliberately: {{docker-compose}} end-to-end validation ({{/healthz}}, {{/readyz}}, request-ID echo, venv-shadowing, live-reload). Easier to debug interactively post-merge than to iterate inside a PR. Doing that next.",,23375,AI-1,Foundation,Done,21/Apr/26 10:20 AM
"Add CODOWNERS, PR template, issue templates, CONTRIBUTING.md",AI-14,23399,Task,Done,AI,Agentic AI,software,Jayden Zundel,712020:b53bfe0d-cd97-478a-a25f-48e9d7e914f4,Your first project,Medium,Done,Kevin Dawson-Fischer,712020:e96dc7dd-86fa-42ce-b5b7-c5f4ecd20e29,Kevin Dawson-Fischer,712020:e96dc7dd-86fa-42ce-b5b7-c5f4ecd20e29,Kevin Dawson-Fischer,712020:e96dc7dd-86fa-42ce-b5b7-c5f4ecd20e29,17/Apr/26 1:19 PM,20/Apr/26 12:39 PM,,20/Apr/26 12:39 PM,,0,,,Kevin Dawson-Fischer,712020:e96dc7dd-86fa-42ce-b5b7-c5f4ecd20e29,,,,,,,,,,com.atlassian.servicedesk.plugins.approvals.internal.customfield.ApprovalsCFValue@29e09553,,,,,0|i00c5p:,AI Sprint 1,,,,,"20/Apr/26 12:39 PM;712020:e96dc7dd-86fa-42ce-b5b7-c5f4ecd20e29;Completed {{2026-04-20}} via PR #6 ([https://kenai-defense.ghe.com/polisim-internal/polisim/pull/6|https://kenai-defense.ghe.com/polisim-internal/polisim/pull/6]), merged to dev and included in the Sprint 1 mid-checkpoint promotion to main.

Added:

* .github/CODEOWNERS (@Kevin with dated TODO for the {{2026-05-04}} split)
* .github/PULL_REQUEST_TEMPLATE.md (six sections, five-item checklist including dev-vs-main base check)
* .github/ISSUE_TEMPLATE/ - bug_report.md, feature_request.md, schema_change.md, config.yml (blank issues disabled for non-maintainers)
* CONTRIBUTING.md - branching model, conventional-commit spec, PR flow with explicit solo/team phase cutover on {{2026-05-04}}, code-review expectations, ADR proposal process, object-model must-reads

Verified post-promotion: issue template picker shows three templates with no blank-issue fallback for non-maintainers; CODEOWNERS shows “This CODEOWNERS file is valid” banner confirming @Kevin resolves; PR template will render on the next opened PR.

Follow-up: [https://kenaidefense.atlassian.net/browse/AI-29|https://kenaidefense.atlassian.net/browse/AI-29|smart-link] tracks syncing CLAUDE.md and docs/framework with the now-published governance language.",,23375,AI-1,Foundation,Done,20/Apr/26 12:39 PM
Configure pre-commit hooks,AI-13,23397,Task,Done,AI,Agentic AI,software,Jayden Zundel,712020:b53bfe0d-cd97-478a-a25f-48e9d7e914f4,Your first project,Medium,Done,Kevin Dawson-Fischer,712020:e96dc7dd-86fa-42ce-b5b7-c5f4ecd20e29,Kevin Dawson-Fischer,712020:e96dc7dd-86fa-42ce-b5b7-c5f4ecd20e29,Kevin Dawson-Fischer,712020:e96dc7dd-86fa-42ce-b5b7-c5f4ecd20e29,17/Apr/26 1:18 PM,20/Apr/26 1:47 PM,,20/Apr/26 1:47 PM,,0,"Configure pre-commit hooks and add a repo-root build helper so that every commit runs lint, format, and secret-scan before it lands. The hooks will be in place the moment backend/frontend code arrives via [https://kenaidefense.atlassian.net/browse/AI-15|https://kenaidefense.atlassian.net/browse/AI-15|smart-link] and [https://kenaidefense.atlassian.net/browse/AI-20|https://kenaidefense.atlassian.net/browse/AI-20|smart-link] - setting them up now prevents the “we’ll add linting later” anti-pattern.

Acceptance criteria:

* .pre-commit-config.yaml at repo root with pinned hook versions (no floating refs)
* Hygeine hooks: check-yaml, check-json, end-of-file-fixer, trailing-whitespace, check-added-large-files (500kb limit), mixed-line-ending
* Python hooks scoped to backend/: ruff (lint + format), mypy (manual stage only - too slow for every commit)
* Frontend hooks scopt to frontend/: prettier (ESLint deferred to [https://kenaidefense.atlassian.net/browse/AI-20|https://kenaidefense.atlassian.net/browse/AI-20|smart-link] since it requires node_modules)
* Secret scanning via detect-secrets with a generated .secrets.baseline at repo root
* Makefile at repo root with dev/down/logs/lint/format/test/migrate/precommit-install/precommit-update targets (test and migrate are placeholders until [https://kenaidefense.atlassian.net/browse/AI-15|https://kenaidefense.atlassian.net/browse/AI-15|smart-link] and [https://kenaidefense.atlassian.net/browse/AI-11|https://kenaidefense.atlassian.net/browse/AI-11|smart-link])
* CI workflow updated with a pre-commit job that runs on PRs to dev and main, caching pre-commit environments
* CONTRIBUTING.md update with a pre-commit hooks section (install, skip semantics, baseline update flow)

Out of scope:

* ESLint as a pre-commit hook (deferred to [https://kenaidefense.atlassian.net/browse/AI-20|https://kenaidefense.atlassian.net/browse/AI-20|smart-link] - depends on frontend package.json existing)
* Python dependency install; hooks install locally when dev runs make precommit-install
* Any changes to backend/ or frontend/ directory contents

Dependencies

* None blocking",,Kevin Dawson-Fischer,712020:e96dc7dd-86fa-42ce-b5b7-c5f4ecd20e29,,,,,,,,,,com.atlassian.servicedesk.plugins.approvals.internal.customfield.ApprovalsCFValue@2fb3e72,,,,,0|i00c5h:,AI Sprint 1,,,,,"20/Apr/26 1:47 PM;712020:e96dc7dd-86fa-42ce-b5b7-c5f4ecd20e29;Completed {{2026-04-20}} via PR #8 ([https://kenai-defense.ghe.com/polisim-internal/polisim/pull/8|https://kenai-defense.ghe.com/polisim-internal/polisim/pull/8]).



Local pre-commit hooks now run on every commit; CI re-runs the same hook on every PR. Gitleaks clean against current tree. {{make hooks}} reproduces CI behavior locally.



First run of end-of-file fixer surfaced six pre-existing trailing-newline issues (CLAUDE.md, .claude/settings.json, feature_request.md, three doc files); all fixed in this PR.



Follow-ups tracked separately:

* Consolidate backend-lint job into pre-commit job once hooks prove stable (ruff currently runs twice on PRs)
* Remove {{|| true}} silent-pass from pytest step in [https://kenaidefense.atlassian.net/browse/AI-15|https://kenaidefense.atlassian.net/browse/AI-15|smart-link]
* Migrate pip → uv for CI tool installs in AI-15",,23375,AI-1,Foundation,Done,20/Apr/26 1:47 PM
Add vector extension migration and confirm it loads,AI-12,23395,Task,Done,AI,Agentic AI,software,Jayden Zundel,712020:b53bfe0d-cd97-478a-a25f-48e9d7e914f4,Your first project,Medium,Done,Kevin Dawson-Fischer,712020:e96dc7dd-86fa-42ce-b5b7-c5f4ecd20e29,Kevin Dawson-Fischer,712020:e96dc7dd-86fa-42ce-b5b7-c5f4ecd20e29,Kevin Dawson-Fischer,712020:e96dc7dd-86fa-42ce-b5b7-c5f4ecd20e29,17/Apr/26 1:18 PM,23/Apr/26 7:37 AM,,23/Apr/26 7:37 AM,,0,"Separates the pgvector enablement from schema migrations so it can be rolled back or audited independently. Confirms the Postgres image supports the extension and that the project is ready for vector-column schemas when retrieval work begins.

Deliverables

* {{alembic/versions/0002_enable_pgvector.py}}: {{CREATE EXTENSION IF NOT EXISTS vector}} on upgrade, {{DROP EXTENSION IF EXISTS vector}} on downgrade, chained to {{0001_baseline}}.
* Verification that {{infra/docker-compose.yml}} is using a pg-vector capable Postgres image (e.g. {{pgvector/pgvector:pg16}})., If not, update and note in the PR.
* {{tests/integration/test_pgvector.py}}: asserts {{SELECT extname FROM pg_extension WHERE extname = ‘vector’}} returns a row after migrations run. {{integration}}-marked, skips cleanly if DB unavailable.
* {{docs/adr/0007-pgvector-in-postgres.md}}: pgvector-in-Postgres vs separate vector DB for the early/mid stages, per the engineering handoff report §5.3. Note revisit criteria.

Done when

* {{make migrate}} runs through both migrations cleanly.
* Integration test confirms the extension is present.
* ADR merged.

Dependencies

* [https://kenaidefense.atlassian.net/browse/AI-11|https://kenaidefense.atlassian.net/browse/AI-11|smart-link] (Alembic must exist and {{0001_baseline}} must be in place).

Out of scope

* Any table using a {{vector}} column. First vector-column schema gets its own ticket.
* Importing {{pgvector.sqlalchemy.Vector}} into {{base.py}} - that happens with the first embeddings table.
* Embedding generation, model selection, chunk sizing - all production-layer decisions for later.",,Kevin Dawson-Fischer,712020:e96dc7dd-86fa-42ce-b5b7-c5f4ecd20e29,,,,,,,,,,com.atlassian.servicedesk.plugins.approvals.internal.customfield.ApprovalsCFValue@63f0adec,,,,,0|i00c59:,AI Sprint 1,,,,,"23/Apr/26 7:37 AM;712020:e96dc7dd-86fa-42ce-b5b7-c5f4ecd20e29;Completed {{2026-04-23}} via PR #23, squashed and merged to {{dev}}.

Added {{0002_enable_pgvector}} migration chained to {{0001_baseline}} ({{CREATE EXTENSION IF NOT EXISTS vector}} on upgrade, {{DROP EXTENSION IF EXISTS vector}} on downgrade). Added {{backend/tests/integration/test_pgvector.py}} asserting the extension is present in the target DB after migrations run; throwaway async engine, disposed in {{finally}}, matches the existing {{test_db_readyz}} no-skip policy. Added {{docs/adr/0003-pgvector-in-postgres.md}} recording the pgvector-in-Postgres-vs-separate-vector-DB decision per the engineering handoff report §5.3, with an explicit Revisit criteria subsection.

Verification:

* {{alembic upgrade}} {{0001_baseline -> 0002_enable_pgvector}} applied cleanly; integration test passed (1 passed in 0.05s, real DB round-trip).
* {{alembic downgrade -1}} returned to {{0001_baseline}}; {{\\dx vector}} in the {{db}} container confirmed the extension was actually removed (0 rows).
* Re-apply idempotent.
* Default {{pytest}} (no {{-m integration}}) collected 8, deselected 3, passed 5. Marker gating intact.

ADR number note: ticket specified {{0007}} in the description; actual next sequential was {{0003}} (no ADR {{0003}}-{{0006}} in flight). Used {{0003}}. Ticket description is now stale on this one line; low priority to backfill.",,23375,AI-1,Foundation,Done,23/Apr/26 7:37 AM
"Wire API to database, establish migration workflow",AI-11,23393,Task,Done,AI,Agentic AI,software,Jayden Zundel,712020:b53bfe0d-cd97-478a-a25f-48e9d7e914f4,Your first project,Medium,Done,Kevin Dawson-Fischer,712020:e96dc7dd-86fa-42ce-b5b7-c5f4ecd20e29,Kevin Dawson-Fischer,712020:e96dc7dd-86fa-42ce-b5b7-c5f4ecd20e29,Kevin Dawson-Fischer,712020:e96dc7dd-86fa-42ce-b5b7-c5f4ecd20e29,17/Apr/26 1:18 PM,22/Apr/26 8:46 AM,,22/Apr/26 8:46 AM,,0,"Connects the FastAPI app from [https://kenaidefense.atlassian.net/browse/AI-15|https://kenaidefense.atlassian.net/browse/AI-15|smart-link] to Postgres via SQLAlchemy 2 async + Alembic. Establishes the migration workflow so every future schema ticket drops in cleanly. Makes {{/readyz}} actually mean something. No table definitions - those are separate follow-up tickets per canonical data model object.

Deliverables

* Dependencies added: {{sqlalchemy>=2.0}}, {{alembic>=1.13}}, {{asyncpg}}, {{psycopg[binary]}}.
* {{src/polisim/db/session.py}}: async engine, {{async_sessionmaker}}, {{get_session}} FastAPI dependency.
* {{src/polisim/db/base.py}}: declarative base with UUID PK,  {{created_at / updated_at}} timezone-aware columns, constraint naming convention on {{metadata}} (required for stable Alembic autogenerate)
* {{alembic.ini}}, {{alembic/env.py}} wired to async and to {{Settings.database_url}} (not hardcoded).
* {{alembic/versions/0001_baseline.py}} - empty migration anchoring the chain.
* {{/readyz}} executes {{SELECT 1}} via the session; returns 503 with a logged error on failure. No exception details leaked in the response body.
* FastAPI lifespan context manager: create engine on startup, dispose on shutdown.
* {{tests/integration/test_db.py}}: verifies {{/readyz}} flips 200 ↔︎ 503 when DB is reachable vs not. Marked {{integration}}, skipped by default in CI until DB service is configured (follow-up).
* {{docs/adr/0006-sqlalchemy2-alembic.md}}.
* {{Makefile}}: real {{migrate}} target ( {{cd backend && uv run alembic upgrade head}}) and a {{migrate-create m=”…”}} convenience target.
* Alembic workflow documented in {{README.md}} or {{docs/local-setup.md}}.

Done when

* {{make migrate}} runs cleanly against the local DB.
* {{/readyz}} returns 200 when DB is up and 503 when it’s down (verify with {{docker compose stop db}}).
* Integration test passes locally.
* {{uv run mypy --strict}} passes on all new code.
* CI green.

Dependencies

* [https://kenaidefense.atlassian.net/browse/AI-15|https://kenaidefense.atlassian.net/browse/AI-15|smart-link] (backend skeleton must exist).

Out of scope

* Any {{CREATE TABLE}} migration, including {{organizations}}. Multi-tenancy is first-class in the data model, but the first real-schema migration gets its own ticket and its own review.
* Connection-pool tuning beyond SQLAlchemy defaults (flag as follow-up).
* CI integration-test job configuration (flag as follow-up).",,Kevin Dawson-Fischer,712020:e96dc7dd-86fa-42ce-b5b7-c5f4ecd20e29,,,,,,,,,,com.atlassian.servicedesk.plugins.approvals.internal.customfield.ApprovalsCFValue@71b4dca8,,,,,0|i00c51:,AI Sprint 1,,,,,"22/Apr/26 6:58 AM;712020:e96dc7dd-86fa-42ce-b5b7-c5f4ecd20e29;Execution clarifications (added {{2026-04-22}} after context-load
verification against current repo state):

# Settings.database_url does not currently exist. [https://kenaidefense.atlassian.net/browse/AI-11|https://kenaidefense.atlassian.net/browse/AI-11|smart-link] introduces this field in config.py and in backend/.env / backend/.env.example, using the postgresql+asyncpg:// driver scheme. Alembic's sync path derives the sync URL at env.py load time by driver-swap; one source of truth, documented in the ADR.
# ADR number is 0002-sqlalchemy2-alembic.md, not 0006. Only 0001 currently exists.
# Session dependency is named get_db (keeping the scaffold name from [https://kenaidefense.atlassian.net/browse/AI-15|https://kenaidefense.atlassian.net/browse/AI-15|smart-link]), not get_session as the original ticket text said. Route TODO already points at deps.get_db; do not rename.
# Alembic workflow docs land in the existing README.md (repo root). Do NOT create docs/local-setup.md - it doesn't exist and README already holds local-setup content. An infra-specific note may also go in infra/README.md if warranted.
# Alembic directory placement: migrations live at backend/src/polisim/db/migrations/ (inside the existing src-only compose bind), not at the conventional backend/alembic/. This preserves [https://kenaidefense.atlassian.net/browse/AI-40|https://kenaidefense.atlassian.net/browse/AI-40|smart-link]'s narrow-bind hardening without compose changes, and reflects that migrations are product artifacts in the canonical data model. Document this non-conventional choice in the ADR.
# Test structure: this ticket creates tests/unit/ and tests/integration/ as part of its work. Existing flat tests (test_health.py, test_request_id.py) move to tests/unit/. New DB integration test lands at tests/integration/test_db_readyz.py. Add pyproject.toml [tool.pytest.ini_options] markers section with  at least: {{integration: hits real services like Postgres}}. Default CI pytest invocation adds {{-m ""not integration""}} so integration tests skip until the CI integration-test job exists (already flagged as follow-up in original ticket).","22/Apr/26 8:46 AM;712020:e96dc7dd-86fa-42ce-b5b7-c5f4ecd20e29;Completed {{2026-04-22}} via PR #18, squashed and merged to {{dev}}.

SQLAlchemy 2 async engine + Alembic migration workflow wired into the FastAPI scaffold. /readyz executes SELECT 1 via AsyncSession and returns 503 with opaque body on failure. Empty 0001_baseline anchors the migration chain. make migrate and make migrate-create targets functional on the host against localhost:5432. Tests reorganized into unit/ and integration/ splits with @pytest.mark.integration excluded from default runs.

Key implementation decisions documented in docs/adr/0002-sqlalchemy2-alembic.md:

* Migrations live at backend/src/polisim/db/migrations/ (non- conventional, stays inside [https://kenaidefense.atlassian.net/browse/AI-40|https://kenaidefense.atlassian.net/browse/AI-40|smart-link] 's src-only compose bind)
* Single DATABASE_URL source of truth; env.py swaps +asyncpg for +psycopg at Alembic config time
* UUID PKs defaulted Python-side (uuid.uuid4) for pre-insert lineage visibility
* updated_at via DB-level onupdate=func.now()
* Constraint naming convention on MetaData for stable autogenerate

Execution-time deviations from the plan, all documented in the squashed commit message:

# Added plugins = [""pydantic.mypy""] to [tool.mypy] to make mypy --strict accept env-populated BaseSettings fields.
# Removed test_readyz_returns_ok from tests/unit/test_health.py - was an [https://kenaidefense.atlassian.net/browse/AI-15|https://kenaidefense.atlassian.net/browse/AI-15|smart-link]  stub with explicit handoff comment to [https://kenaidefense.atlassian.net/browse/AI-11|https://kenaidefense.atlassian.net/browse/AI-11|smart-link] . Coverage preserved in integration suite.
# Narrowed .claude/settings.json's backend/.env* read deny to specific real-secret variants so backend/.env.example became editable. backend/.env stays fully denied.

CI hotfix committed on-branch before squash-merge: step-level placeholder DATABASE_URL added to the backend-test workflow step so Settings() validates at pytest collection time (see PR commits).

Post-merge local verification (2026-04-22):

* Checks 1-10 all green on dev: uv sync --frozen, ruff, mypy --strict (23 source files), unit pytest (3 passed, 2 deselected), integration pytest (2 passed, 3 deselected), make migrate reaches 0001_baseline, autogenerate smoke test produces empty migration against empty Base.metadata, pre-commit all 11 hooks pass.
* Check 11 (compose-stack validation) surfaced a bug: infra/.env's DATABASE_URL still uses plain postgresql:// scheme from [https://kenaidefense.atlassian.net/browse/AI-10|https://kenaidefense.atlassian.net/browse/AI-10|smart-link], which SQLAlchemy defaults to psycopg2 (not a dependency) on async engine construction. api container fails startup with ModuleNotFoundError: No module named 'psycopg2'.  This is a real bug discovered by the verification doing its job. Spun out as [https://kenaidefense.atlassian.net/browse/AI-44|https://kenaidefense.atlassian.net/browse/AI-44|smart-link]  (infra/.env needs +asyncpg driver scheme) and AI-45 (architectural: add compose-stack smoke test to post-merge verification so this class of bug can't ship again). [https://kenaidefense.atlassian.net/browse/AI-44|https://kenaidefense.atlassian.net/browse/AI-44|smart-link] is the next ticket to work; [https://kenaidefense.atlassian.net/browse/AI-12|https://kenaidefense.atlassian.net/browse/AI-12|smart-link] is blocked behind it because the pgvector migration needs a working api container to validate against.

Follow-ups filed:

* [https://kenaidefense.atlassian.net/browse/AI-44|https://kenaidefense.atlassian.net/browse/AI-44|smart-link]
* [https://kenaidefense.atlassian.net/browse/AI-45|https://kenaidefense.atlassian.net/browse/AI-45|smart-link]
* [https://kenaidefense.atlassian.net/browse/AI-42|https://kenaidefense.atlassian.net/browse/AI-42|smart-link]
* [https://kenaidefense.atlassian.net/browse/AI-43|https://kenaidefense.atlassian.net/browse/AI-43|smart-link]",23375,AI-1,Foundation,Done,22/Apr/26 8:46 AM
